{
  "accuracy": 0.7455,
  "f1_macro": 0.7288,
  "auc_roc": 0.8523,
  "confusion": [
    [
      19880,
      126
    ],
    [
      10056,
      9950
    ]
  ],
  "decision_threshold": 0.4900000000000003,
  "xgb_weight": 0.9500000000000004,
  "ae_weight": 0.0499999999999996
}